sample_id,replicate,split,time_min,value
S1:YCR012W:ref1:t0,1,train,0.0,1.0
S1:YCR012W:ref1:t5,1,train,5.0,0.875476527572882
S1:YCR012W:ref1:t10,1,train,10.0,0.744624637562844
S1:YCR012W:ref1:t15,1,train,15.0,0.648581670649676
S1:YCR012W:ref1:t20,1,train,20.0,0.672897236070359
S1:YCR012W:ref1:t30,1,train,30.0,0.573975496518705
S1:YCR012W:ref1:t40,1,train,40.0,0.429423664419151
S1:YCR012W:ref1:t50,1,train,50.0,0.504893586857915
S1:YCR012W:ref1:t60,1,train,60.0,0.373673257194869
S1:YCR012W:ref2:t0,2,holdout,0.0,1.0
S1:YCR012W:ref2:t5,2,holdout,5.0,0.711117171967552
S1:YCR012W:ref2:t10,2,holdout,10.0,0.609041358098956
S1:YCR012W:ref2:t15,2,holdout,15.0,0.597892316615614
S1:YCR012W:ref2:t20,2,holdout,20.0,0.574658104941299
S1:YCR012W:ref2:t30,2,holdout,30.0,0.439097184887907
